﻿"GEO_ID","NAME","B03002_001E","B03002_001M","B03002_002E","B03002_002M","B03002_003E","B03002_003M","B03002_004E","B03002_004M","B03002_005E","B03002_005M","B03002_006E","B03002_006M","B03002_007E","B03002_007M","B03002_008E","B03002_008M","B03002_009E","B03002_009M","B03002_010E","B03002_010M","B03002_011E","B03002_011M","B03002_012E","B03002_012M","B03002_013E","B03002_013M","B03002_014E","B03002_014M","B03002_015E","B03002_015M","B03002_016E","B03002_016M","B03002_017E","B03002_017M","B03002_018E","B03002_018M","B03002_019E","B03002_019M","B03002_020E","B03002_020M","B03002_021E","B03002_021M",
"Geography","Geographic Area Name","Estimate!!Total:","Margin of Error!!Total:","Estimate!!Total:!!Not Hispanic or Latino:","Margin of Error!!Total:!!Not Hispanic or Latino:","Estimate!!Total:!!Not Hispanic or Latino:!!White alone","Margin of Error!!Total:!!Not Hispanic or Latino:!!White alone","Estimate!!Total:!!Not Hispanic or Latino:!!Black or African American alone","Margin of Error!!Total:!!Not Hispanic or Latino:!!Black or African American alone","Estimate!!Total:!!Not Hispanic or Latino:!!American Indian and Alaska Native alone","Margin of Error!!Total:!!Not Hispanic or Latino:!!American Indian and Alaska Native alone","Estimate!!Total:!!Not Hispanic or Latino:!!Asian alone","Margin of Error!!Total:!!Not Hispanic or Latino:!!Asian alone","Estimate!!Total:!!Not Hispanic or Latino:!!Native Hawaiian and Other Pacific Islander alone","Margin of Error!!Total:!!Not Hispanic or Latino:!!Native Hawaiian and Other Pacific Islander alone","Estimate!!Total:!!Not Hispanic or Latino:!!Some other race alone","Margin of Error!!Total:!!Not Hispanic or Latino:!!Some other race alone","Estimate!!Total:!!Not Hispanic or Latino:!!Two or more races:","Margin of Error!!Total:!!Not Hispanic or Latino:!!Two or more races:","Estimate!!Total:!!Not Hispanic or Latino:!!Two or more races:!!Two races including Some other race","Margin of Error!!Total:!!Not Hispanic or Latino:!!Two or more races:!!Two races including Some other race","Estimate!!Total:!!Not Hispanic or Latino:!!Two or more races:!!Two races excluding Some other race, and three or more races","Margin of Error!!Total:!!Not Hispanic or Latino:!!Two or more races:!!Two races excluding Some other race, and three or more races","Estimate!!Total:!!Hispanic or Latino:","Margin of Error!!Total:!!Hispanic or Latino:","Estimate!!Total:!!Hispanic or Latino:!!White alone","Margin of Error!!Total:!!Hispanic or Latino:!!White alone","Estimate!!Total:!!Hispanic or Latino:!!Black or African American alone","Margin of Error!!Total:!!Hispanic or Latino:!!Black or African American alone","Estimate!!Total:!!Hispanic or Latino:!!American Indian and Alaska Native alone","Margin of Error!!Total:!!Hispanic or Latino:!!American Indian and Alaska Native alone","Estimate!!Total:!!Hispanic or Latino:!!Asian alone","Margin of Error!!Total:!!Hispanic or Latino:!!Asian alone","Estimate!!Total:!!Hispanic or Latino:!!Native Hawaiian and Other Pacific Islander alone","Margin of Error!!Total:!!Hispanic or Latino:!!Native Hawaiian and Other Pacific Islander alone","Estimate!!Total:!!Hispanic or Latino:!!Some other race alone","Margin of Error!!Total:!!Hispanic or Latino:!!Some other race alone","Estimate!!Total:!!Hispanic or Latino:!!Two or more races:","Margin of Error!!Total:!!Hispanic or Latino:!!Two or more races:","Estimate!!Total:!!Hispanic or Latino:!!Two or more races:!!Two races including Some other race","Margin of Error!!Total:!!Hispanic or Latino:!!Two or more races:!!Two races including Some other race","Estimate!!Total:!!Hispanic or Latino:!!Two or more races:!!Two races excluding Some other race, and three or more races","Margin of Error!!Total:!!Hispanic or Latino:!!Two or more races:!!Two races excluding Some other race, and three or more races",
"0500000US12001","Alachua County, Florida","268105","*****","240864","*****","162097","677","53194","663","678","130","16167","485","147","46","1079","460","7502","874","771","431","6731","795","27241","*****","18095","811","808","301","214","166","91","62","0","34","2618","538","5415","704","3453","609","1962","619",
"0500000US12003","Baker County, Florida","28679","*****","27908","*****","22615","438","4107","177","80","71","50","48","10","13","19","32","1027","444","558","434","469","184","771","*****","358","95","67","53","0","27","0","27","0","27","102","57","244","111","210","139","34","49",
"0500000US12005","Bay County, Florida","180076","*****","168129","*****","136521","631","19093","711","473","188","4031","385","233","65","941","658","6837","931","356","225","6481","916","11947","*****","8309","599","208","120","74","69","42","55","25","29","1833","500","1456","415","925","365","531","190",
"0500000US12007","Bradford County, Florida","27723","*****","26518","*****","20240","84","5630","138","94","60","183","64","0","27","49","77","322","178","31","42","291","163","1205","*****","1091","72","21","20","4","8","0","27","0","27","70","56","19","33","0","27","19","33",
"0500000US12009","Brevard County, Florida","594001","*****","530938","*****","438314","709","55296","1551","1176","301","13956","709","559","82","3031","993","18606","1681","2082","826","16524","1494","63063","*****","42348","1711","3345","1351","454","209","204","154","0","34","7845","1309","8867","1256","6404","972","2463","668",
"0500000US12011","Broward County, Florida","1942273","*****","1356037","*****","689773","1516","536564","3710","3208","418","68917","1216","985","238","12860","1907","43730","3537","6214","1395","37516","3243","586236","*****","414093","5759","19177","1903","1921","683","1644","640","256","138","54911","3793","94234","4482","75346","3817","18888","2647",
"0500000US12013","Calhoun County, Florida","14324","*****","13470","*****","11070","13","1904","150","208","78","22","25","0","23","0","23","266","175","14","18","252","176","854","*****","328","150","22","27","0","23","0","23","0","23","271","236","233","224","178","201","55","75",
"0500000US12015","Charlotte County, Florida","185926","*****","171922","*****","155318","341","9856","410","451","103","2399","242","144","136","458","314","3296","506","268","160","3028","474","14004","*****","10066","652","446","228","10","15","3","5","0","34","1505","468","1974","476","1892","478","82","77",
"0500000US12017","Citrus County, Florida","147938","*****","139261","*****","129540","292","3815","508","378","158","2482","217","26","33","349","287","2671","570","170","121","2501","545","8677","*****","6174","471","228","198","34","39","134","145","0","34","875","339","1232","331","1101","323","131","107",
"0500000US12019","Clay County, Florida","215294","*****","193349","*****","154754","510","22644","847","223","114","5838","411","82","79","822","530","8986","949","562","500","8424","819","21945","*****","11421","1115","1142","411","13","20","96","100","0","34","4751","1194","4522","670","3342","717","1180","477",
"0500000US12021","Collier County, Florida","379345","*****","273115","*****","237479","419","25294","687","582","188","5571","261","0","34","419","226","3770","894","399","409","3371","762","106230","*****","83038","2073","319","141","166","169","107","96","36","54","6667","1460","15897","1856","14707","1818","1190","731",
"0500000US12023","Columbia County, Florida","70898","*****","66345","*****","50813","216","12671","510","104","62","680","126","0","34","242","160","1835","539","560","451","1275","305","4553","*****","2768","306","264","179","43","52","2","3","15","20","641","215","820","259","721","242","99","93",
"0500000US12027","DeSoto County, Florida","37371","*****","25588","*****","20416","46","4493","138","33","29","163","61","30","42","27","29","426","162","24","36","402","159","11783","*****","10192","463","44","77","0","30","0","30","0","30","842","338","705","320","668","323","37","38",
"0500000US12029","Dixie County, Florida","16740","*****","16041","*****","14037","23","1372","175","1","2","36","46","6","12","0","23","589","174","0","23","589","174","699","*****","344","115","16","25","0","23","0","23","0","23","272","90","67","80","67","80","0","23",
"0500000US12031","Duval County, Florida","948651","*****","851908","*****","491340","1823","276288","1993","1792","382","43985","1277","544","222","5461","1418","32498","2487","4079","1099","28419","2325","96743","*****","58092","2317","3921","835","344","225","393","186","85","99","18151","2175","15757","1959","12090","1835","3667","974",
"0500000US12033","Escambia County, Florida","316691","*****","298288","*****","202168","520","68996","1235","996","228","9483","629","426","123","602","241","15617","1274","802","484","14815","1278","18403","*****","10921","777","538","229","120","73","430","237","52","50","3147","839","3195","579","2141","439","1054","390",
"0500000US12035","Flagler County, Florida","112854","*****","100850","*****","83656","369","10959","436","251","165","2826","239","140","205","412","271","2606","589","441","272","2165","489","12004","*****","6900","681","61","84","11","35","52","60","0","34","3776","817","1204","535","1008","524","196","136",
"0500000US12037","Franklin County, Florida","11914","*****","11245","*****","9090","228","1612","92","0","23","34","34","0","23","141","156","368","178","147","163","221","73","669","*****","416","103","39","37","12","16","0","23","0","23","188","100","14","15","3","6","11","13",
"0500000US12039","Gadsden County, Florida","45787","*****","41011","*****","14770","149","25327","250","117","69","78","67","21","22","47","36","651","301","156","157","495","240","4776","*****","3159","613","150","138","32","34","0","30","0","30","1202","607","233","233","206","231","27","34",
"0500000US12041","Gilchrist County, Florida","18245","*****","17154","*****","15710","23","960","110","8","10","31","24","2","3","0","23","443","107","0","23","443","107","1091","*****","850","119","18","22","6","12","0","23","0","23","123","89","94","78","91","78","3","5",
"0500000US12043","Glades County, Florida","13777","*****","10853","*****","8255","100","1793","118","535","55","91","107","0","23","47","78","132","105","34","50","98","89","2924","*****","2513","174","76","44","23","23","0","23","0","23","272","171","40","30","29","25","11","14",
"0500000US12045","Gulf County, Florida","15073","*****","14396","160","11737","28","2216","145","24","28","89","24","0","23","17","28","313","124","0","23","313","124","677","160","396","135","100","151","69","119","0","23","0","23","72","39","40","60","40","60","0","23",
"0500000US12047","Hamilton County, Florida","14397","*****","12986","*****","7818","52","4819","94","87","46","42","39","0","23","50","52","170","94","0","23","170","94","1411","*****","1073","227","104","57","59","76","68","68","0","23","95","173","12","15","3","6","9","13",
"0500000US12049","Hardee County, Florida","27027","*****","15164","*****","12598","75","1666","170","18","31","316","11","6","16","0","27","560","202","59","75","501","175","11863","*****","8151","951","68","80","32","54","0","27","0","27","2460","786","1152","589","1144","586","8","14",
"0500000US12051","Hendry County, Florida","41472","*****","18954","*****","13005","246","4505","226","563","56","372","27","0","30","0","30","509","355","243","246","266","233","22518","*****","17596","1270","187","139","240","348","0","30","0","30","1525","605","2970","1074","1718","755","1252","730",
"0500000US12053","Hernando County, Florida","190700","*****","163736","*****","146288","386","9140","505","513","152","2213","349","111","63","1108","398","4363","621","275","230","4088","599","26964","*****","18919","845","824","310","34","59","78","103","0","34","3028","864","4081","737","3100","693","981","436",
"0500000US12055","Highlands County, Florida","104574","*****","83209","*****","69153","489","9677","428","124","73","1527","154","0","34","456","432","2272","619","289","283","1983","494","21365","*****","13780","980","239","140","12","22","18","29","0","34","5844","908","1472","482","1289","460","183","154",
"0500000US12057","Hillsborough County, Florida","1451358","*****","1029428","*****","695575","1309","225431","2153","2677","467","59574","1320","825","207","6061","1137","39285","2522","4813","1110","34472","2276","421930","*****","278111","4494","17113","1763","1323","392","1097","377","261","208","55435","2978","68590","3826","51217","3300","17373","2114",
"0500000US12059","Holmes County, Florida","19530","*****","18944","*****","16858","47","1344","73","203","109","131","53","63","55","22","38","323","125","44","41","279","117","586","*****","307","97","21","18","0","23","4","9","0","23","116","70","138","81","35","36","103","77",
"0500000US12061","Indian River County, Florida","156964","*****","137289","*****","117635","330","13013","836","196","102","2169","188","120","179","443","365","3713","860","253","213","3460","824","19675","*****","14689","918","43","41","212","285","61","80","0","34","2234","949","2436","543","2261","542","175","132",
"0500000US12063","Jackson County, Florida","47409","*****","45063","*****","30954","56","12456","279","326","104","230","110","31","36","146","112","920","330","49","48","871","326","2346","*****","1496","169","136","48","10","13","2","12","0","30","360","120","342","134","325","131","17","21",
"0500000US12065","Jefferson County, Florida","14278","*****","13678","*****","8543","63","4766","126","34","24","54","59","0","23","45","63","236","108","0","23","236","108","600","*****","518","41","23","21","0","23","0","23","0","23","42","28","17","21","10","19","7","11",
"0500000US12067","Lafayette County, Florida","8576","*****","7187","155","5649","362","1344","378","14","20","0","20","95","138","0","20","85","59","0","20","85","59","1389","155","1253","175","9","17","0","20","0","20","0","20","8","16","119","87","81","76","38","33",
"0500000US12069","Lake County, Florida","356115","*****","298847","*****","245615","603","35791","1654","1237","266","7254","459","438","81","1250","585","7262","1708","2047","1478","5215","886","57268","*****","39392","1744","2308","724","160","143","208","137","73","121","5189","1597","9938","992","8644","950","1294","496",
"0500000US12071","Lee County, Florida","756570","*****","591252","*****","501531","1930","60045","1058","1104","291","12377","461","341","78","4097","1940","11757","1419","2115","779","9642","1144","165318","*****","113341","2587","2567","709","166","112","152","108","98","69","23170","2166","25824","2131","23379","2111","2445","791",
"0500000US12073","Leon County, Florida","291863","*****","272721","*****","163405","323","90134","816","339","126","10495","334","107","51","923","354","7318","846","734","263","6584","790","19142","*****","12333","689","884","281","56","50","78","76","11","18","2856","690","2924","551","2089","407","835","363",
"0500000US12075","Levy County, Florida","40979","*****","37462","*****","32344","196","3340","203","67","67","387","19","0","30","200","197","1124","215","10","18","1114","214","3517","*****","2735","237","54","70","0","30","0","30","0","30","93","94","635","210","494","193","141","99",
"0500000US12077","Liberty County, Florida","8333","*****","7952","155","6251","360","1145","260","128","139","35","36","0","20","42","50","351","212","105","113","246","188","381","155","207","136","28","22","0","20","0","20","0","20","127","62","19","25","19","25","0","20",
"0500000US12079","Madison County, Florida","18557","*****","17458","*****","9972","157","6926","215","21","22","118","174","4","8","83","80","334","189","229","171","105","65","1099","*****","565","231","120","87","0","23","0","23","0","23","295","208","119","107","119","107","0","23",
"0500000US12081","Manatee County, Florida","393847","*****","329230","*****","279267","354","32567","831","756","183","8392","392","167","105","493","267","7588","1077","659","319","6929","987","64617","*****","47969","1812","862","290","65","60","54","56","132","145","8184","1380","7351","1280","6314","1225","1037","462",
"0500000US12083","Marion County, Florida","360210","*****","310819","*****","250938","469","44232","986","837","222","5111","502","106","105","1059","448","8536","1178","1103","451","7433","1049","49391","*****","36862","1639","2327","1113","120","129","56","68","5","8","3542","887","6479","1055","5899","1069","580","329",
"0500000US12085","Martin County, Florida","160420","*****","138433","*****","125077","316","8405","321","322","159","2320","219","128","131","329","170","1852","463","351","273","1501","368","21987","*****","14246","1010","584","416","520","399","68","70","72","105","3507","755","2990","917","2438","933","552","438",
"0500000US12086","Miami-Dade County, Florida","2705528","*****","861852","*****","365906","1350","421305","2025","2143","344","41232","618","661","131","9752","1406","20853","2159","4790","1172","16063","1963","1843676","*****","1418022","7749","36509","2657","3130","1118","1960","477","208","154","116088","5470","267759","6420","249768","6251","17991","1664",
"0500000US12087","Monroe County, Florida","75137","*****","56659","*****","49109","231","5278","279","39","42","908","98","128","127","151","103","1046","344","208","210","838","212","18478","*****","14404","738","406","197","41","35","66","61","13","22","1488","480","2060","524","1845","490","215","176",
"0500000US12089","Nassau County, Florida","85762","*****","81878","*****","74050","328","4834","326","485","116","829","140","8","15","230","241","1442","397","165","196","1277","336","3884","*****","2466","361","48","76","2","4","0","34","0","34","1049","349","319","142","175","165","144","116",
"0500000US12091","Okaloosa County, Florida","207430","*****","187672","*****","151136","532","19636","641","340","131","6527","452","155","96","572","269","9306","833","546","476","8760","749","19758","*****","8478","897","650","274","214","194","196","128","362","402","6556","927","3302","703","1875","440","1427","575",
"0500000US12093","Okeechobee County, Florida","41611","*****","30856","*****","26036","107","3373","206","233","114","393","67","74","79","109","107","638","198","0","30","638","198","10755","*****","8272","762","248","119","0","30","0","30","9","15","1535","634","691","475","670","472","21","36",
"0500000US12095","Orange County, Florida","1373784","*****","932550","*****","538872","2089","271021","2470","1585","368","71394","1244","915","434","10856","1730","37907","3078","7210","1958","30697","2542","441234","*****","283591","6405","17349","2607","1195","512","1075","393","54","41","73371","4869","64599","4229","54346","4213","10253","1768",
"0500000US12097","Osceola County, Florida","363666","*****","164714","*****","112114","575","32324","1551","817","195","9633","436","81","137","2737","1072","7008","1281","1123","458","5885","1208","198952","*****","129505","4965","7146","1555","447","346","422","323","13","22","35910","4267","25509","3113","20119","2874","5390","1245",
"0500000US12099","Palm Beach County, Florida","1482057","*****","1147850","*****","799163","1693","269684","1709","1123","266","40532","824","270","157","6775","1202","30303","2204","5824","1407","24479","1650","334207","*****","236354","3255","6969","1124","1774","508","447","178","212","146","35343","2975","53108","2581","45290","2704","7818","1685",
"0500000US12101","Pasco County, Florida","539885","*****","454190","*****","395754","681","29541","928","1276","308","14297","527","330","76","1109","448","11883","1111","1412","596","10471","1063","85695","*****","58980","1525","1707","510","289","198","200","126","26","33","8763","1117","15730","1403","11712","1649","4018","1185",
"0500000US12103","Pinellas County, Florida","970985","*****","874921","*****","713630","913","96860","1460","1991","271","33198","616","832","136","3303","809","25107","1511","2311","555","22796","1515","96064","*****","63180","2085","2938","520","475","330","334","183","81","61","12334","1432","16722","1721","12048","1554","4674","834",
"0500000US12105","Polk County, Florida","705735","*****","539659","*****","406349","921","102750","1278","1716","305","11826","703","288","121","3129","871","13601","1538","1879","751","11722","1351","166076","*****","111220","2967","4883","892","590","332","431","292","45","64","26715","2624","22192","2349","17142","2273","5050","1179",
"0500000US12107","Putnam County, Florida","73784","*****","66301","*****","52447","206","11861","259","253","136","435","96","16","25","177","203","1112","261","16","26","1096","262","7483","*****","5424","469","165","150","23","40","10","24","0","34","386","160","1475","438","1031","282","444","372",
"0500000US12109","St. Johns County, Florida","255410","*****","236860","*****","209101","532","13464","489","528","234","6892","684","197","89","752","314","5926","1107","1009","471","4917","957","18550","*****","12613","713","460","300","194","175","109","125","0","34","1479","543","3695","730","3000","706","695","387",
"0500000US12111","St. Lucie County, Florida","320914","*****","258844","*****","181092","629","62954","1271","782","199","6297","352","201","90","1341","865","6177","1041","600","400","5577","943","62070","*****","44626","2112","2310","713","438","508","119","96","44","68","6769","1590","7764","1664","7094","1606","670","351",
"0500000US12113","Santa Rosa County, Florida","179587","*****","169254","*****","146703","436","10520","555","757","279","3322","353","334","50","854","491","6764","787","441","345","6323","716","10333","*****","5232","808","283","252","106","104","38","41","184","161","2268","636","2222","615","1513","538","709","374",
"0500000US12115","Sarasota County, Florida","427766","*****","387632","*****","353394","583","18351","751","543","178","7640","304","60","40","1203","536","6441","785","438","242","6003","762","40134","*****","30241","1132","955","461","155","140","148","137","12","18","3101","638","5522","922","4614","911","908","322",
"0500000US12117","Seminole County, Florida","466695","*****","364385","*****","276415","819","51577","1167","590","224","21905","542","156","78","1914","734","11828","1445","1648","655","10180","1300","102310","*****","62867","2321","4203","1028","530","361","158","108","53","58","19736","2257","14763","1742","11504","1783","3259","664",
"0500000US12119","Sumter County, Florida","129938","*****","122384","*****","110297","349","8804","294","348","110","1197","125","72","112","324","352","1342","366","146","94","1196","365","7554","*****","4978","380","449","271","0","34","47","59","8","17","1020","334","1052","310","967","300","85","87",
"0500000US12121","Suwannee County, Florida","44290","*****","40046","*****","33287","183","5861","307","27","42","140","222","0","30","14","22","717","316","112","180","605","250","4244","*****","2266","445","83","118","39","62","0","30","0","30","864","458","992","326","734","171","258","253",
"0500000US12123","Taylor County, Florida","21709","*****","20789","*****","15508","256","4700","214","60","66","71","73","43","82","247","256","160","187","0","27","160","187","920","*****","519","105","58","45","0","27","29","46","0","27","197","80","117","72","92","62","25","36",
"0500000US12125","Union County, Florida","15282","*****","14404","*****","10587","23","3060","204","117","53","84","30","0","23","0","23","556","202","12","22","544","201","878","*****","517","102","31","24","0","23","0","23","5","9","164","61","161","90","122","93","39","48",
"0500000US12127","Volusia County, Florida","546107","*****","467092","*****","387044","642","57068","779","1483","354","9658","472","73","55","1406","565","10360","1074","1118","553","9242","997","79015","*****","46223","2122","2515","614","311","179","258","274","0","34","22319","2230","7389","1186","5738","1096","1651","564",
"0500000US12129","Wakulla County, Florida","32855","*****","31590","*****","26005","191","4463","523","156","124","151","110","0","30","2","6","813","575","129","191","684","546","1265","*****","784","124","20","20","0","30","0","30","0","30","342","105","119","94","119","94","0","30",
"0500000US12131","Walton County, Florida","71049","*****","66588","*****","59689","183","3269","360","396","193","507","116","0","34","105","101","2622","455","220","199","2402","442","4461","*****","1578","506","9","18","57","62","3","6","0","34","2438","549","376","172","289","148","87","78",
"0500000US12133","Washington County, Florida","25094","*****","24126","*****","19345","103","3720","170","304","91","179","36","98","129","0","27","480","206","78","103","402","173","968","*****","611","197","48","51","16","29","0","27","0","27","225","187","68","90","7","18","61","88",
