Variable_Name,Data_Type,Description,Source,Notes,Value_Range
FIPS,int64,Federal Information Processing Standard code for county (5 digits: 12XXX for Florida),U.S. Census Bureau / Florida Division of Elections,Used as primary key for joining with Census and BEA data,"12,001 to 12,133"
County,object,County name (standardized),Florida Division of Elections,Standardized to match Census Bureau naming conventions,67 unique values
County_Original,object,Original county name before standardization,Florida Division of Elections,Kept for reference; may have minor variations in spelling,67 unique values
Year,int64,"Election year (2016, 2018, 2020, 2022, or 2024)",Florida Division of Elections,"Presidential elections (2016, 2020, 2024) have higher turnout than midterms (2018, 2022)","2,016 to 2,024"
Election_Date,object,Date of general election (format: MM/DD/YYYY),Florida Division of Elections,Always first Tuesday after first Monday in November,5 unique values
Registered_Voters,int64,Number of registered voters eligible to vote as of book closing (29 days before election),Florida Division of Elections,Book closing is 29 days before election; does not include election day registrations,"4,356 to 1,564,297"
Votes_Cast,int64,Total number of votes cast in the general election,Florida Division of Elections,"Includes all voting methods: in-person, early voting, and mail-in ballots","2,622 to 1,166,203"
Turnout_Percent,float64,Percentage of registered voters who cast votes (Votes_Cast / Registered_Voters * 100),Calculated from Votes_Cast and Registered_Voters,Florida average ranges from 53.8% (2022 midterm) to 78.9% (2024 presidential),40 to 94
