FIPS,County_Name,State_FIPS,State_Name
12001,Alachua,12,Florida
12003,Baker,12,Florida
12005,Bay,12,Florida
12007,Bradford,12,Florida
12009,Brevard,12,Florida
12011,Broward,12,Florida
12013,Calhoun,12,Florida
12015,Charlotte,12,Florida
12017,Citrus,12,Florida
12019,Clay,12,Florida
12021,Collier,12,Florida
12023,Columbia,12,Florida
12027,Desoto,12,Florida
12029,Dixie,12,Florida
12031,Duval,12,Florida
12033,Escambia,12,Florida
12035,Flagler,12,Florida
12037,Franklin,12,Florida
12039,Gadsden,12,Florida
12041,Gilchrist,12,Florida
12043,Glades,12,Florida
12045,Gulf,12,Florida
12047,Hamilton,12,Florida
12049,Hardee,12,Florida
12051,Hendry,12,Florida
12053,Hernando,12,Florida
12055,Highlands,12,Florida
12057,Hillsborough,12,Florida
12059,Holmes,12,Florida
12061,Indian River,12,Florida
12063,Jackson,12,Florida
12065,Jefferson,12,Florida
12067,Lafayette,12,Florida
12069,Lake,12,Florida
12071,Lee,12,Florida
12073,Leon,12,Florida
12075,Levy,12,Florida
12077,Liberty,12,Florida
12079,Madison,12,Florida
12081,Manatee,12,Florida
12083,Marion,12,Florida
12085,Martin,12,Florida
12086,Miami-Dade,12,Florida
12087,Monroe,12,Florida
12089,Nassau,12,Florida
12091,Okaloosa,12,Florida
12093,Okeechobee,12,Florida
12095,Orange,12,Florida
12097,Osceola,12,Florida
12099,Palm Beach,12,Florida
12101,Pasco,12,Florida
12103,Pinellas,12,Florida
12105,Polk,12,Florida
12107,Putnam,12,Florida
12109,St. Johns,12,Florida
12111,St. Lucie,12,Florida
12113,Santa Rosa,12,Florida
12115,Sarasota,12,Florida
12117,Seminole,12,Florida
12119,Sumter,12,Florida
12121,Suwannee,12,Florida
12123,Taylor,12,Florida
12125,Union,12,Florida
12127,Volusia,12,Florida
12129,Wakulla,12,Florida
12131,Walton,12,Florida
12133,Washington,12,Florida