﻿"GEO_ID","NAME","B01003_001E","B01003_001M",
"Geography","Geographic Area Name","Estimate!!Total","Margin of Error!!Total",
"0500000US12001","Alachua County, Florida","268105","*****",
"0500000US12003","Baker County, Florida","28679","*****",
"0500000US12005","Bay County, Florida","180076","*****",
"0500000US12007","Bradford County, Florida","27723","*****",
"0500000US12009","Brevard County, Florida","594001","*****",
"0500000US12011","Broward County, Florida","1942273","*****",
"0500000US12013","Calhoun County, Florida","14324","*****",
"0500000US12015","Charlotte County, Florida","185926","*****",
"0500000US12017","Citrus County, Florida","147938","*****",
"0500000US12019","Clay County, Florida","215294","*****",
"0500000US12021","Collier County, Florida","379345","*****",
"0500000US12023","Columbia County, Florida","70898","*****",
"0500000US12027","DeSoto County, Florida","37371","*****",
"0500000US12029","Dixie County, Florida","16740","*****",
"0500000US12031","Duval County, Florida","948651","*****",
"0500000US12033","Escambia County, Florida","316691","*****",
"0500000US12035","Flagler County, Florida","112854","*****",
"0500000US12037","Franklin County, Florida","11914","*****",
"0500000US12039","Gadsden County, Florida","45787","*****",
"0500000US12041","Gilchrist County, Florida","18245","*****",
"0500000US12043","Glades County, Florida","13777","*****",
"0500000US12045","Gulf County, Florida","15073","*****",
"0500000US12047","Hamilton County, Florida","14397","*****",
"0500000US12049","Hardee County, Florida","27027","*****",
"0500000US12051","Hendry County, Florida","41472","*****",
"0500000US12053","Hernando County, Florida","190700","*****",
"0500000US12055","Highlands County, Florida","104574","*****",
"0500000US12057","Hillsborough County, Florida","1451358","*****",
"0500000US12059","Holmes County, Florida","19530","*****",
"0500000US12061","Indian River County, Florida","156964","*****",
"0500000US12063","Jackson County, Florida","47409","*****",
"0500000US12065","Jefferson County, Florida","14278","*****",
"0500000US12067","Lafayette County, Florida","8576","*****",
"0500000US12069","Lake County, Florida","356115","*****",
"0500000US12071","Lee County, Florida","756570","*****",
"0500000US12073","Leon County, Florida","291863","*****",
"0500000US12075","Levy County, Florida","40979","*****",
"0500000US12077","Liberty County, Florida","8333","*****",
"0500000US12079","Madison County, Florida","18557","*****",
"0500000US12081","Manatee County, Florida","393847","*****",
"0500000US12083","Marion County, Florida","360210","*****",
"0500000US12085","Martin County, Florida","160420","*****",
"0500000US12086","Miami-Dade County, Florida","2705528","*****",
"0500000US12087","Monroe County, Florida","75137","*****",
"0500000US12089","Nassau County, Florida","85762","*****",
"0500000US12091","Okaloosa County, Florida","207430","*****",
"0500000US12093","Okeechobee County, Florida","41611","*****",
"0500000US12095","Orange County, Florida","1373784","*****",
"0500000US12097","Osceola County, Florida","363666","*****",
"0500000US12099","Palm Beach County, Florida","1482057","*****",
"0500000US12101","Pasco County, Florida","539885","*****",
"0500000US12103","Pinellas County, Florida","970985","*****",
"0500000US12105","Polk County, Florida","705735","*****",
"0500000US12107","Putnam County, Florida","73784","*****",
"0500000US12109","St. Johns County, Florida","255410","*****",
"0500000US12111","St. Lucie County, Florida","320914","*****",
"0500000US12113","Santa Rosa County, Florida","179587","*****",
"0500000US12115","Sarasota County, Florida","427766","*****",
"0500000US12117","Seminole County, Florida","466695","*****",
"0500000US12119","Sumter County, Florida","129938","*****",
"0500000US12121","Suwannee County, Florida","44290","*****",
"0500000US12123","Taylor County, Florida","21709","*****",
"0500000US12125","Union County, Florida","15282","*****",
"0500000US12127","Volusia County, Florida","546107","*****",
"0500000US12129","Wakulla County, Florida","32855","*****",
"0500000US12131","Walton County, Florida","71049","*****",
"0500000US12133","Washington County, Florida","25094","*****",
